Workbook

Sheet Instrucoes
A1: CARTEL CALHAS — PROGRAMA DE PREMIACAO E RECONHECIMENTO
A3: Como usar esta planilha
A4: Esta pasta de trabalho tem uma aba de pontuacao para cada categoria (Vendedores, Fabricadores, Entregadores e Destaque do Mes), uma aba de Ranking Mensal e uma aba de Historico Trimestral/Anual. Preencha os dados reais do mes em cada aba de categoria; as colunas de pontuacao calculam sozinhas.
A6: Legenda de cores
A7: Azul sobre fundo claro = celula que voce preenche (dado real do mes ou meta definida pela gestao). Preto = formula automatica, nao edite. Fundo amarelo = meta/parametro-chave que a gestao define no inicio do mes.
A9: Rotina mensal recomendada
A10: 1. No 1o dia util do mes, duplique as abas de categoria (botao direito na aba > Mover ou copiar > Criar copia) e renomeie com o mes (ex: 'Vendedores - Marco'). Isso preserva o historico de cada mes. 2. Ao longo do mes, va atualizando os dados reais (vendas, entregas, producao, faltas, advertencias etc.) com base nos relatorios do sistema de vendas, da producao e do RH. 3. No ultimo dia util do mes, confira a coluna 'Elegivel ao Premio do Mes' e a coluna de Ranking em cada aba. 4. Leve o ranking para a reuniao do comite de premiacao (ver regras contra favoritismo no manual completo do programa) e confirme os vencedores na aba 'Ranking Mensal'. 5. Copie a Nota Final de cada funcionario para a aba 'Historico Trimestral e Anual' para acompanhar a evolucao e calcular o Trofeu Cartel Calhas do trimestre/ano.
A12: Regras que ja estao dentro das formulas
A13: - Pontuacao de 0 a 100, resultado da soma dos pesos de cada criterio (os pesos exatos estao no cabecalho de cada coluna, ex: '/20' = vale ate 20 pontos). - Nota minima para receber premiacao no mes: 60 pontos. Abaixo disso, a coluna 'Elegivel' mostra 'NAO (abaixo do minimo)' mesmo que a pessoa esteja em 1o lugar no ranking — nesse caso, o premio do mes fica retido e reforcado no mes seguinte (ver manual). - Falta injustificada no mes ou suspensao disciplinar = 'NAO' automatico na elegibilidade do mes (a pessoa continua concorrendo nos meses seguintes). - Advertencia formal desconta 15 pontos da nota final; falta injustificada desconta 10 pontos (alem de zerar a elegibilidade do mes); suspensao desconta 30 pontos. - Nivel do Trofeu Cartel Calhas: Bronze = 70 a 79,9 pontos · Prata = 80 a 89,9 pontos · Ouro = 90 a 100 pontos. E por faixa de nota (nao por posicao no ranking), entao mais de uma pessoa pode ganhar Ouro no mesmo mes.
A15: Metas de exemplo
A16: As metas em amarelo (faturamento, produtividade, indices aceitaveis de erro/desperdicio etc.) vieram preenchidas com valores de exemplo. Substitua pelos numeros reais que fazem sentido para o porte da Cartel Calhas antes de usar a planilha com a equipe.
A18: Linhas de exemplo
... A21: Este arquivo e o companheiro operacional do manual completo do programa 'Trofeu Cartel Calhas', que traz os nomes dos premios, os valores em R$, as regras de desempate, o modelo de certificado e a forma de comunicar os resultados para a equipe.

Sheet Vendedores
A1: CARTEL CALHAS — PONTUAÇÃO MENSAL: VENDEDORES
A2: Mês de referência: ______ / Preencha as células azuis. As colunas pretas calculam automaticamente.
A4: PARAMETROS / METAS DO MES (definidos pela gestao)
A5: Meta de Faturamento (R$) | B5: 50000
A6: Meta de Número de Vendas | B6: 40
A7: Meta de Taxa de Conversão de Orçamentos | B7: 0.45
A8: Índice de Erros Aceitável (máximo tolerado) | B8: 0.05
A9: Meta de % de Vendas com Produtos Complementares | B9: 0.35
A11: Nome do Vendedor | B11: Faturamento em Vendas (R$) | C11: Nº de Vendas Fechadas | D11: Nº de Orçamentos Enviados | E11: Nº de Orçamentos Convertidos | F11: Nota Atendimento ao Cliente (0-10) | G11: Nº de Erros em Pedidos | H11: Nº Total de Pedidos no Mês | I11: % Vendas c/ Produtos Complementares | J11: Nota Organização e Processos (0-10) | K11: Faltas Injustificadas | L11: Advertências Formais | M11: Suspensão no Mês (S/N) | N11: Taxa de Conversão (%) | O11: Índice de Erros (%) | P11: Pts Faturamento /20 | Q11: Pts Nº Vendas /15 | R11: Pts Conversão /20 | S11: Pts Atendimento /15 | T11: Pts Erros /15 | U11: Pts Complementares /10 | V11: Pts Processos /5 | W11: Nota Bruta (0-100) | X11: Penalidades | Y11: Nota Final | Z11: Elegível ao Prêmio do Mês | AA11: Ranking | AB11: Nível do Troféu
A12: Rafael Torres (exemplo) | B12: 52000 | C12: 42 | D12: 85 | E12: 42 | F12: 10 | G12: 0 | H12: 42 | I12: 0.4 | J12: 10 | K12: 0 | L12: 0 | M12: N | N12: =IF(D12=0,0,E12/D12) -> 0.49411765 | O12: =IF(H12=0,0,G12/H12) -> 0 | P12: =MIN(20,(B12/$B$5)*20) -> 20 | Q12: =MIN(15,(C12/$B$6)*15) -> 15 | R12: =MIN(20,(N12/$B$7)*20) -> 20 | S12: =(F12/10)*15 -> 15 | T12: =MAX(0,15-(O12/$B$8)*15) -> 15 | U12: =MIN(10,(I12/$B$9)*10) -> 10 | V12: =(J12/10)*5 -> 5 | W12: =SUM(P12:V12) -> 100 | X12: =K12*10+L12*15+IF(M12="S",30,0) -> 0 | Y12: =MAX(0,W12-X12) -> 100 | Z12: =IF(OR(K12>0,M12="S"),"NAO",IF(Y12<60,"NAO (abaixo do minimo)","SIM")) -> SIM | AA12: =RANK(Y12,$Y$12:$Y$21) -> 1 | AB12: =IF(Y12>=90,"OURO",IF(Y12>=80,"PRATA",IF(Y12>=70,"BRONZE","-"))) -> OURO
A13: João Silva (exemplo) | B13: 45000 | C13: 38 | D13: 90 | E13: 38 | F13: 9 | G13: 1 | H13: 38 | I13: 0.3 | J13: 9 | K13: 0 | L13: 0 | M13: N | N13: =IF(D13=0,0,E13/D13) -> 0.42222222 | O13: =IF(H13=0,0,G13/H13) -> 0.026315789 | P13: =MIN(20,(B13/$B$5)*20) -> 18 | Q13: =MIN(15,(C13/$B$6)*15) -> 14.25 | R13: =MIN(20,(N13/$B$7)*20) -> 18.765432 | S13: =(F13/10)*15 -> 13.5 | T13: =MAX(0,15-(O13/$B$8)*15) -> 7.1052632 | U13: =MIN(10,(I13/$B$9)*10) -> 8.5714286 | V13: =(J13/10)*5 -> 4.5 | W13: =SUM(P13:V13) -> 84.692124 | X13: =K13*10+L13*15+IF(M13="S",30,0) -> 0 | Y13: =MAX(0,W13-X13) -> 84.692124 | Z13: =IF(OR(K13>0,M13="S"),"NAO",IF(Y13<60,"NAO (abaixo do minimo)","SIM")) -> SIM | AA13: =RANK(Y13,$Y$12:$Y$21) -> 2 | AB13: =IF(Y13>=90,"OURO",IF(Y13>=80,"PRATA",IF(Y13>=70,"BRONZE","-"))) -> PRATA
A14: Marina Souza (exemplo) | B14: 38000 | C14: 30 | D14: 70 | E14: 30 | F14: 8 | G14: 3 | H14: 30 | I14: 0.2 | J14: 7 | K14: 0 | L14: 0 | M14: N | N14: =IF(D14=0,0,E14/D14) -> 0.42857143 | O14: =IF(H14=0,0,G14/H14) -> 0.1 | P14: =MIN(20,(B14/$B$5)*20) -> 15.2 | Q14: =MIN(15,(C14/$B$6)*15) -> 11.25 | R14: =MIN(20,(N14/$B$7)*20) -> 19.047619 | S14: =(F14/10)*15 -> 12 | T14: =MAX(0,15-(O14/$B$8)*15) -> 0 | U14: =MIN(10,(I14/$B$9)*10) -> 5.7142857 | V14: =(J14/10)*5 -> 3.5 | W14: =SUM(P14:V14) -> 66.711905 | X14: =K14*10+L14*15+IF(M14="S",30,0) -> 0 | Y14: =MAX(0,W14-X14) -> 66.711905 | Z14: =IF(OR(K14>0,M14="S"),"NAO",IF(Y14<60,"NAO (abaixo do minimo)","SIM")) -> SIM | AA14: =RANK(Y14,$Y$12:$Y$21) -> 3 | AB14: =IF(Y14>=90,"OURO",IF(Y14>=80,"PRATA",IF(Y14>=70,"BRONZE","-"))) -> -
N15: =IF(D15=0,0,E15/D15) -> 0 | O15: =IF(H15=0,0,G15/H15) -> 0 | P15: =MIN(20,(B15/$B$5)*20) -> 0 | Q15: =MIN(15,(C15/$B$6)*15) -> 0 | R15: =MIN(20,(N15/$B$7)*20) -> 0 | S15: =(F15/10)*15 -> 0 | T15: =MAX(0,15-(O15/$B$8)*15) -> 15 | U15: =MIN(10,(I15/$B$9)*10) -> 0 | V15: =(J15/10)*5 -> 0 | W15: =SUM(P15:V15) -> 15 | X15: =K15*10+L15*15+IF(M15="S",30,0) -> 0 | Y15: =MAX(0,W15-X15) -> 15 | Z15: =IF(OR(K15>0,M15="S"),"NAO",IF(Y15<60,"NAO (abaixo do minimo)","SIM")) -> NAO (abaixo do minimo) | AA15: =RANK(Y15,$Y$12:$Y$21) -> 4 | AB15: =IF(Y15>=90,"OURO",IF(Y15>=80,"PRATA",IF(Y15>=70,"BRONZE","-"))) -> -
N16: =IF(D16=0,0,E16/D16) -> 0 | O16: =IF(H16=0,0,G16/H16) -> 0 | P16: =MIN(20,(B16/$B$5)*20) -> 0 | Q16: =MIN(15,(C16/$B$6)*15) -> 0 | R16: =MIN(20,(N16/$B$7)*20) -> 0 | S16: =(F16/10)*15 -> 0 | T16: =MAX(0,15-(O16/$B$8)*15) -> 15 | U16: =MIN(10,(I16/$B$9)*10) -> 0 | V16: =(J16/10)*5 -> 0 | W16: =SUM(P16:V16) -> 15 | X16: =K16*10+L16*15+IF(M16="S",30,0) -> 0 | Y16: =MAX(0,W16-X16) -> 15 | Z16: =IF(OR(K16>0,M16="S"),"NAO",IF(Y16<60,"NAO (abaixo do minimo)","SIM")) -> NAO (abaixo do minimo) | AA16: =RANK(Y16,$Y$12:$Y$21) -> 4 | AB16: =IF(Y16>=90,"OURO",IF(Y16>=80,"PRATA",IF(Y16>=70,"BRONZE","-"))) -> -
N17: =IF(D17=0,0,E17/D17) -> 0 | O17: =IF(H17=0,0,G17/H17) -> 0 | P17: =MIN(20,(B17/$B$5)*20) -> 0 | Q17: =MIN(15,(C17/$B$6)*15) -> 0 | R17: =MIN(20,(N17/$B$7)*20) -> 0 | S17: =(F17/10)*15 -> 0 | T17: =MAX(0,15-(O17/$B$8)*15) -> 15 | U17: =MIN(10,(I17/$B$9)*10) -> 0 | V17: =(J17/10)*5 -> 0 | W17: =SUM(P17:V17) -> 15 | X17: =K17*10+L17*15+IF(M17="S",30,0) -> 0 | Y17: =MAX(0,W17-X17) -> 15 | Z17: =IF(OR(K17>0,M17="S"),"NAO",IF(Y17<60,"NAO (abaixo do minimo)","SIM")) -> NAO (abaixo do minimo) | AA17: =RANK(Y17,$Y$12:$Y$21) -> 4 | AB17: =IF(Y17>=90,"OURO",IF(Y17>=80,"PRATA",IF(Y17>=70,"BRONZE","-"))) -> -
N18: =IF(D18=0,0,E18/D18) -> 0 | O18: =IF(H18=0,0,G18/H18) -> 0 | P18: =MIN(20,(B18/$B$5)*20) -> 0 | Q18: =MIN(15,(C18/$B$6)*15) -> 0 | R18: =MIN(20,(N18/$B$7)*20) -> 0 | S18: =(F18/10)*15 -> 0 | T18: =MAX(0,15-(O18/$B$8)*15) -> 15 | U18: =MIN(10,(I18/$B$9)*10) -> 0 | V18: =(J18/10)*5 -> 0 | W18: =SUM(P18:V18) -> 15 | X18: =K18*10+L18*15+IF(M18="S",30,0) -> 0 | Y18: =MAX(0,W18-X18) -> 15 | Z18: =IF(OR(K18>0,M18="S"),"NAO",IF(Y18<60,"NAO (abaixo do minimo)","SIM")) -> NAO (abaixo do minimo) | AA18: =RANK(Y18,$Y$12:$Y$21) -> 4 | AB18: =IF(Y18>=90,"OURO",IF(Y18>=80,"PRATA",IF(Y18>=70,"BRONZE","-"))) -> -
N19: =IF(D19=0,0,E19/D19) -> 0 | O19: =IF(H19=0,0,G19/H19) -> 0 | P19: =MIN(20,(B19/$B$5)*20) -> 0 | Q19: =MIN(15,(C19/$B$6)*15) -> 0 | R19: =MIN(20,(N19/$B$7)*20) -> 0 | S19: =(F19/10)*15 -> 0 | T19: =MAX(0,15-(O19/$B$8)*15) -> 15 | U19: =MIN(10,(I19/$B$9)*10) -> 0 | V19: =(J19/10)*5 -> 0 | W19: =SUM(P19:V19) -> 15 | X19: =K19*10+L19*15+IF(M19="S",30,0) -> 0 | Y19: =MAX(0,W19-X19) -> 15 | Z19: =IF(OR(K19>0,M19="S"),"NAO",IF(Y19<60,"NAO (abaixo do minimo)","SIM")) -> NAO (abaixo do minimo) | AA19: =RANK(Y19,$Y$12:$Y$21) -> 4 | AB19: =IF(Y19>=90,"OURO",IF(Y19>=80,"PRATA",IF(Y19>=70,"BRONZE","-"))) -> -
N20: =IF(D20=0,0,E20/D20) -> 0 | O20: =IF(H20=0,0,G20/H20) -> 0 | P20: =MIN(20,(B20/$B$5)*20) -> 0 | Q20: =MIN(15,(C20/$B$6)*15) -> 0 | R20: =MIN(20,(N20/$B$7)*20) -> 0 | S20: =(F20/10)*15 -> 0 | T20: =MAX(0,15-(O20/$B$8)*15) -> 15 | U20: =MIN(10,(I20/$B$9)*10) -> 0 | V20: =(J20/10)*5 -> 0 | W20: =SUM(P20:V20) -> 15 | X20: =K20*10+L20*15+IF(M20="S",30,0) -> 0 | Y20: =MAX(0,W20-X20) -> 15 | Z20: =IF(OR(K20>0,M20="S"),"NAO",IF(Y20<60,"NAO (abaixo do minimo)","SIM")) -> NAO (abaixo do minimo) | AA20: =RANK(Y20,$Y$12:$Y$21) -> 4 | AB20: =IF(Y20>=90,"OURO",IF(Y20>=80,"PRATA",IF(Y20>=70,"BRONZE","-"))) -> -
N21: =IF(D21=0,0,E21/D21) -> 0 | O21: =IF(H21=0,0,G21/H21) -> 0 | P21: =MIN(20,(B21/$B$5)*20) -> 0 | Q21: =MIN(15,(C21/$B$6)*15) -> 0 | R21: =MIN(20,(N21/$B$7)*20) -> 0 | S21: =(F21/10)*15 -> 0 | T21: =MAX(0,15-(O21/$B$8)*15) -> 15 | U21: =MIN(10,(I21/$B$9)*10) -> 0 | V21: =(J21/10)*5 -> 0 | W21: =SUM(P21:V21) -> 15 | X21: =K21*10+L21*15+IF(M21="S",30,0) -> 0 | Y21: =MAX(0,W21-X21) -> 15 | Z21: =IF(OR(K21>0,M21="S"),"NAO",IF(Y21<60,"NAO (abaixo do minimo)","SIM")) -> NAO (abaixo do minimo) | AA21: =RANK(Y21,$Y$12:$Y$21) -> 4 | AB21: =IF(Y21>=90,"OURO",IF(Y21>=80,"PRATA",IF(Y21>=70,"BRONZE","-"))) -> -

Sheet Fabricadores
A1: CARTEL CALHAS — PONTUAÇÃO MENSAL: FABRICADORES
A2: Mês de referência: ______ / Preencha as células azuis. As colunas pretas calculam automaticamente.
A4: PARAMETROS / METAS DO MES (definidos pela gestao)
A5: Meta de Produtividade (peças/mês) | B5: 650
A6: Meta de Qualidade (% aprovação) | B6: 0.97
A7: Desperdício Aceitável (máximo) | B7: 0.05
A8: Retrabalho Aceitável (máximo) | B8: 0.04
A9: Meta de Cumprimento de Prazos | B9: 0.95
A11: Nome do Fabricador | B11: Peças Produzidas no Mês | C11: % Peças Aprovadas na Inspeção de Qualidade | D11: % Desperdício de Material no Mês | E11: Nº de Peças Refeitas (Retrabalho) | F11: Nota Organização do Setor / 5S (0-10) | G11: % Ordens de Produção no Prazo | H11: Nota Cuidado c/ Ferramentas e Materiais (0-10) | I11: Nota Colaboração com a Equipe (0-10) | J11: Faltas Injustificadas | K11: Advertências Formais | L11: Suspensão no Mês (S/N) | M11: Índice de Retrabalho (%) | N11: Pts Produtividade /20 | O11: Pts Qualidade /20 | P11: Pts Desperdício /15 | Q11: Pts Retrabalho /15 | R11: Pts Organização /10 | S11: Pts Prazos /10 | T11: Pts Ferramentas /5 | U11: Pts Colaboração /5 | V11: Nota Bruta (0-100) | W11: Penalidades | X11: Nota Final | Y11: Elegível ao Prêmio do Mês | Z11: Ranking | AA11: Nível do Troféu
A12: Diego Ramos (exemplo) | B12: 660 | C12: 0.99 | D12: 0.02 | E12: 1 | F12: 9 | G12: 0.98 | H12: 10 | I12: 9 | J12: 0 | K12: 0 | L12: N | M12: =IF(B12=0,0,E12/B12) -> 0.0015151515 | N12: =MIN(20,(B12/$B$5)*20) -> 20 | O12: =MIN(20,(C12/$B$6)*20) -> 20 | P12: =MAX(0,15-(D12/$B$7)*15) -> 9 | Q12: =MAX(0,15-(M12/$B$8)*15) -> 14.431818 | R12: =(F12/10)*10 -> 9 | S12: =MIN(10,(G12/$B$9)*10) -> 10 | T12: =(H12/10)*5 -> 5 | U12: =(I12/10)*5 -> 4.5 | V12: =SUM(N12:U12) -> 91.931818 | W12: =J12*10+K12*15+IF(L12="S",30,0) -> 0 | X12: =MAX(0,V12-W12) -> 91.931818 | Y12: =IF(OR(J12>0,L12="S"),"NAO",IF(X12<60,"NAO (abaixo do minimo)","SIM")) -> SIM | Z12: =RANK(X12,$X$12:$X$21) -> 1 | AA12: =IF(X12>=90,"OURO",IF(X12>=80,"PRATA",IF(X12>=70,"BRONZE","-"))) -> OURO
A13: Carlos Mendes (exemplo) | B13: 580 | C13: 0.95 | D13: 0.04 | E13: 3 | F13: 8 | G13: 0.9 | H13: 9 | I13: 8 | J13: 0 | K13: 0 | L13: N | M13: =IF(B13=0,0,E13/B13) -> 0.0051724138 | N13: =MIN(20,(B13/$B$5)*20) -> 17.846154 | O13: =MIN(20,(C13/$B$6)*20) -> 19.587629 | P13: =MAX(0,15-(D13/$B$7)*15) -> 3 | Q13: =MAX(0,15-(M13/$B$8)*15) -> 13.060345 | R13: =(F13/10)*10 -> 8 | S13: =MIN(10,(G13/$B$9)*10) -> 9.4736842 | T13: =(H13/10)*5 -> 4.5 | U13: =(I13/10)*5 -> 4 | V13: =SUM(N13:U13) -> 79.467812 | W13: =J13*10+K13*15+IF(L13="S",30,0) -> 0 | X13: =MAX(0,V13-W13) -> 79.467812 | Y13: =IF(OR(J13>0,L13="S"),"NAO",IF(X13<60,"NAO (abaixo do minimo)","SIM")) -> SIM | Z13: =RANK(X13,$X$12:$X$21) -> 2 | AA13: =IF(X13>=90,"OURO",IF(X13>=80,"PRATA",IF(X13>=70,"BRONZE","-"))) -> BRONZE
A14: Everton Lima (exemplo) | B14: 500 | C14: 0.9 | D14: 0.08 | E14: 8 | F14: 6 | G14: 0.85 | H14: 7 | I14: 7 | J14: 1 | K14: 0 | L14: N | M14: =IF(B14=0,0,E14/B14) -> 0.016 | N14: =MIN(20,(B14/$B$5)*20) -> 15.384615 | O14: =MIN(20,(C14/$B$6)*20) -> 18.556701 | P14: =MAX(0,15-(D14/$B$7)*15) -> 0 | Q14: =MAX(0,15-(M14/$B$8)*15) -> 9 | R14: =(F14/10)*10 -> 6 | S14: =MIN(10,(G14/$B$9)*10) -> 8.9473684 | T14: =(H14/10)*5 -> 3.5 | U14: =(I14/10)*5 -> 3.5 | V14: =SUM(N14:U14) -> 64.888685 | W14: =J14*10+K14*15+IF(L14="S",30,0) -> 10 | X14: =MAX(0,V14-W14) -> 54.888685 | Y14: =IF(OR(J14>0,L14="S"),"NAO",IF(X14<60,"NAO (abaixo do minimo)","SIM")) -> NAO | Z14: =RANK(X14,$X$12:$X$21) -> 3 | AA14: =IF(X14>=90,"OURO",IF(X14>=80,"PRATA",IF(X14>=70,"BRONZE","-"))) -> -
M15: =IF(B15=0,0,E15/B15) -> 0 | N15: =MIN(20,(B15/$B$5)*20) -> 0 | O15: =MIN(20,(C15/$B$6)*20) -> 0 | P15: =MAX(0,15-(D15/$B$7)*15) -> 15 | Q15: =MAX(0,15-(M15/$B$8)*15) -> 15 | R15: =(F15/10)*10 -> 0 | S15: =MIN(10,(G15/$B$9)*10) -> 0 | T15: =(H15/10)*5 -> 0 | U15: =(I15/10)*5 -> 0 | V15: =SUM(N15:U15) -> 30 | W15: =J15*10+K15*15+IF(L15="S",30,0) -> 0 | X15: =MAX(0,V15-W15) -> 30 | Y15: =IF(OR(J15>0,L15="S"),"NAO",IF(X15<60,"NAO (abaixo do minimo)","SIM")) -> NAO (abaixo do minimo) | Z15: =RANK(X15,$X$12:$X$21) -> 4 | AA15: =IF(X15>=90,"OURO",IF(X15>=80,"PRATA",IF(X15>=70,"BRONZE","-"))) -> -
M16: =IF(B16=0,0,E16/B16) -> 0 | N16: =MIN(20,(B16/$B$5)*20) -> 0 | O16: =MIN(20,(C16/$B$6)*20) -> 0 | P16: =MAX(0,15-(D16/$B$7)*15) -> 15 | Q16: =MAX(0,15-(M16/$B$8)*15) -> 15 | R16: =(F16/10)*10 -> 0 | S16: =MIN(10,(G16/$B$9)*10) -> 0 | T16: =(H16/10)*5 -> 0 | U16: =(I16/10)*5 -> 0 | V16: =SUM(N16:U16) -> 30 | W16: =J16*10+K16*15+IF(L16="S",30,0) -> 0 | X16: =MAX(0,V16-W16) -> 30 | Y16: =IF(OR(J16>0,L16="S"),"NAO",IF(X16<60,"NAO (abaixo do minimo)","SIM")) -> NAO (abaixo do minimo) | Z16: =RANK(X16,$X$12:$X$21) -> 4 | AA16: =IF(X16>=90,"OURO",IF(X16>=80,"PRATA",IF(X16>=70,"BRONZE","-"))) -> -
M17: =IF(B17=0,0,E17/B17) -> 0 | N17: =MIN(20,(B17/$B$5)*20) -> 0 | O17: =MIN(20,(C17/$B$6)*20) -> 0 | P17: =MAX(0,15-(D17/$B$7)*15) -> 15 | Q17: =MAX(0,15-(M17/$B$8)*15) -> 15 | R17: =(F17/10)*10 -> 0 | S17: =MIN(10,(G17/$B$9)*10) -> 0 | T17: =(H17/10)*5 -> 0 | U17: =(I17/10)*5 -> 0 | V17: =SUM(N17:U17) -> 30 | W17: =J17*10+K17*15+IF(L17="S",30,0) -> 0 | X17: =MAX(0,V17-W17) -> 30 | Y17: =IF(OR(J17>0,L17="S"),"NAO",IF(X17<60,"NAO (abaixo do minimo)","SIM")) -> NAO (abaixo do minimo) | Z17: =RANK(X17,$X$12:$X$21) -> 4 | AA17: =IF(X17>=90,"OURO",IF(X17>=80,"PRATA",IF(X17>=70,"BRONZE","-"))) -> -
M18: =IF(B18=0,0,E18/B18) -> 0 | N18: =MIN(20,(B18/$B$5)*20) -> 0 | O18: =MIN(20,(C18/$B$6)*20) -> 0 | P18: =MAX(0,15-(D18/$B$7)*15) -> 15 | Q18: =MAX(0,15-(M18/$B$8)*15) -> 15 | R18: =(F18/10)*10 -> 0 | S18: =MIN(10,(G18/$B$9)*10) -> 0 | T18: =(H18/10)*5 -> 0 | U18: =(I18/10)*5 -> 0 | V18: =SUM(N18:U18) -> 30 | W18: =J18*10+K18*15+IF(L18="S",30,0) -> 0 | X18: =MAX(0,V18-W18) -> 30 | Y18: =IF(OR(J18>0,L18="S"),"NAO",IF(X18<60,"NAO (abaixo do minimo)","SIM")) -> NAO (abaixo do minimo) | Z18: =RANK(X18,$X$12:$X$21) -> 4 | AA18: =IF(X18>=90,"OURO",IF(X18>=80,"PRATA",IF(X18>=70,"BRONZE","-"))) -> -
M19: =IF(B19=0,0,E19/B19) -> 0 | N19: =MIN(20,(B19/$B$5)*20) -> 0 | O19: =MIN(20,(C19/$B$6)*20) -> 0 | P19: =MAX(0,15-(D19/$B$7)*15) -> 15 | Q19: =MAX(0,15-(M19/$B$8)*15) -> 15 | R19: =(F19/10)*10 -> 0 | S19: =MIN(10,(G19/$B$9)*10) -> 0 | T19: =(H19/10)*5 -> 0 | U19: =(I19/10)*5 -> 0 | V19: =SUM(N19:U19) -> 30 | W19: =J19*10+K19*15+IF(L19="S",30,0) -> 0 | X19: =MAX(0,V19-W19) -> 30 | Y19: =IF(OR(J19>0,L19="S"),"NAO",IF(X19<60,"NAO (abaixo do minimo)","SIM")) -> NAO (abaixo do minimo) | Z19: =RANK(X19,$X$12:$X$21) -> 4 | AA19: =IF(X19>=90,"OURO",IF(X19>=80,"PRATA",IF(X19>=70,"BRONZE","-"))) -> -
M20: =IF(B20=0,0,E20/B20) -> 0 | N20: =MIN(20,(B20/$B$5)*20) -> 0 | O20: =MIN(20,(C20/$B$6)*20) -> 0 | P20: =MAX(0,15-(D20/$B$7)*15) -> 15 | Q20: =MAX(0,15-(M20/$B$8)*15) -> 15 | R20: =(F20/10)*10 -> 0 | S20: =MIN(10,(G20/$B$9)*10) -> 0 | T20: =(H20/10)*5 -> 0 | U20: =(I20/10)*5 -> 0 | V20: =SUM(N20:U20) -> 30 | W20: =J20*10+K20*15+IF(L20="S",30,0) -> 0 | X20: =MAX(0,V20-W20) -> 30 | Y20: =IF(OR(J20>0,L20="S"),"NAO",IF(X20<60,"NAO (abaixo do minimo)","SIM")) -> NAO (abaixo do minimo) | Z20: =RANK(X20,$X$12:$X$21) -> 4 | AA20: =IF(X20>=90,"OURO",IF(X20>=80,"PRATA",IF(X20>=70,"BRONZE","-"))) -> -
M21: =IF(B21=0,0,E21/B21) -> 0 | N21: =MIN(20,(B21/$B$5)*20) -> 0 | O21: =MIN(20,(C21/$B$6)*20) -> 0 | P21: =MAX(0,15-(D21/$B$7)*15) -> 15 | Q21: =MAX(0,15-(M21/$B$8)*15) -> 15 | R21: =(F21/10)*10 -> 0 | S21: =MIN(10,(G21/$B$9)*10) -> 0 | T21: =(H21/10)*5 -> 0 | U21: =(I21/10)*5 -> 0 | V21: =SUM(N21:U21) -> 30 | W21: =J21*10+K21*15+IF(L21="S",30,0) -> 0 | X21: =MAX(0,V21-W21) -> 30 | Y21: =IF(OR(J21>0,L21="S"),"NAO",IF(X21<60,"NAO (abaixo do minimo)","SIM")) -> NAO (abaixo do minimo) | Z21: =RANK(X21,$X$12:$X$21) -> 4 | AA21: =IF(X21>=90,"OURO",IF(X21>=80,"PRATA",IF(X21>=70,"BRONZE","-"))) -> -

Sheet Entregadores
A1: CARTEL CALHAS — PONTUAÇÃO MENSAL: ENTREGADORES
A2: Mês de referência: ______ / Preencha as células azuis. As colunas pretas calculam automaticamente.
A4: PARAMETROS / METAS DO MES (definidos pela gestao)
A5: Meta de Pontualidade nas Entregas | B5: 0.95
A6: Avarias Aceitável (máximo) | B6: 0.03
A7: Meta de Cumprimento de Rotas | B7: 0.95
A8: Ocorrências Aceitável (máximo) | B8: 0.03
A11: Nome do Entregador | B11: Nº de Entregas Realizadas | C11: Nº de Entregas no Horário Combinado | D11: Nº de Avarias em Produtos Transportados | E11: Nota Organização da Carga (0-10) | F11: Nota Atendimento ao Cliente (0-10) | G11: Nota Conservação do Veículo (0-10) | H11: % Rotas Cumpridas Conforme Planejamento | I11: Nº de Ocorrências/Reclamações | J11: Nota Responsabilidade e Comprometimento (0-10) | K11: Faltas Injustificadas | L11: Advertências Formais | M11: Suspensão no Mês (S/N) | N11: Índice de Pontualidade (%) | O11: Índice de Avarias (%) | P11: Índice de Ocorrências (%) | Q11: Pts Pontualidade /20 | R11: Pts Cuidado Produtos /15 | S11: Pts Organização Carga /10 | T11: Pts Atendimento /15 | U11: Pts Conservação Veículo /10 | V11: Pts Rotas /10 | W11: Pts Ocorrências /15 | X11: Pts Responsabilidade /5 | Y11: Nota Bruta (0-100) | Z11: Penalidades | AA11: Nota Final | AB11: Elegível ao Prêmio do Mês | AC11: Ranking | AD11: Nível do Troféu
A12: Bruno Alves (exemplo) | B12: 55 | C12: 55 | D12: 0 | E12: 10 | F12: 10 | G12: 9 | H12: 0.98 | I12: 0 | J12: 10 | K12: 0 | L12: 0 | M12: N | N12: =IF(B12=0,0,C12/B12) -> 1 | O12: =IF(B12=0,0,D12/B12) -> 0 | P12: =IF(B12=0,0,I12/B12) -> 0 | Q12: =MIN(20,(N12/$B$5)*20) -> 20 | R12: =MAX(0,15-(O12/$B$6)*15) -> 15 | S12: =(E12/10)*10 -> 10 | T12: =(F12/10)*15 -> 15 | U12: =(G12/10)*10 -> 9 | V12: =MIN(10,(H12/$B$7)*10) -> 10 | W12: =MAX(0,15-(P12/$B$8)*15) -> 15 | X12: =(J12/10)*5 -> 5 | Y12: =SUM(Q12:X12) -> 99 | Z12: =K12*10+L12*15+IF(M12="S",30,0) -> 0 | AA12: =MAX(0,Y12-Z12) -> 99 | AB12: =IF(OR(K12>0,M12="S"),"NAO",IF(AA12<60,"NAO (abaixo do minimo)","SIM")) -> SIM | AC12: =RANK(AA12,$AA$12:$AA$21) -> 1 | AD12: =IF(AA12>=90,"OURO",IF(AA12>=80,"PRATA",IF(AA12>=70,"BRONZE","-"))) -> OURO
A13: Marcos Pereira (exemplo) | B13: 50 | C13: 47 | D13: 1 | E13: 9 | F13: 9.5 | G13: 8 | H13: 0.92 | I13: 0 | J13: 9 | K13: 0 | L13: 0 | M13: N | N13: =IF(B13=0,0,C13/B13) -> 0.94 | O13: =IF(B13=0,0,D13/B13) -> 0.02 | P13: =IF(B13=0,0,I13/B13) -> 0 | Q13: =MIN(20,(N13/$B$5)*20) -> 19.789474 | R13: =MAX(0,15-(O13/$B$6)*15) -> 5 | S13: =(E13/10)*10 -> 9 | T13: =(F13/10)*15 -> 14.25 | U13: =(G13/10)*10 -> 8 | V13: =MIN(10,(H13/$B$7)*10) -> 9.6842105 | W13: =MAX(0,15-(P13/$B$8)*15) -> 15 | X13: =(J13/10)*5 -> 4.5 | Y13: =SUM(Q13:X13) -> 85.223684 | Z13: =K13*10+L13*15+IF(M13="S",30,0) -> 0 | AA13: =MAX(0,Y13-Z13) -> 85.223684 | AB13: =IF(OR(K13>0,M13="S"),"NAO",IF(AA13<60,"NAO (abaixo do minimo)","SIM")) -> SIM | AC13: =RANK(AA13,$AA$12:$AA$21) -> 2 | AD13: =IF(AA13>=90,"OURO",IF(AA13>=80,"PRATA",IF(AA13>=70,"BRONZE","-"))) -> PRATA
A14: Felipe Costa (exemplo) | B14: 48 | C14: 40 | D14: 3 | E14: 6 | F14: 7 | G14: 6 | H14: 0.8 | I14: 2 | J14: 6 | K14: 0 | L14: 1 | M14: N | N14: =IF(B14=0,0,C14/B14) -> 0.83333333 | O14: =IF(B14=0,0,D14/B14) -> 0.0625 | P14: =IF(B14=0,0,I14/B14) -> 0.041666667 | Q14: =MIN(20,(N14/$B$5)*20) -> 17.54386 | R14: =MAX(0,15-(O14/$B$6)*15) -> 0 | S14: =(E14/10)*10 -> 6 | T14: =(F14/10)*15 -> 10.5 | U14: =(G14/10)*10 -> 6 | V14: =MIN(10,(H14/$B$7)*10) -> 8.4210526 | W14: =MAX(0,15-(P14/$B$8)*15) -> 0 | X14: =(J14/10)*5 -> 3 | Y14: =SUM(Q14:X14) -> 51.464912 | Z14: =K14*10+L14*15+IF(M14="S",30,0) -> 15 | AA14: =MAX(0,Y14-Z14) -> 36.464912 | AB14: =IF(OR(K14>0,M14="S"),"NAO",IF(AA14<60,"NAO (abaixo do minimo)","SIM")) -> NAO (abaixo do minimo) | AC14: =RANK(AA14,$AA$12:$AA$21) -> 3 | AD14: =IF(AA14>=90,"OURO",IF(AA14>=80,"PRATA",IF(AA14>=70,"BRONZE","-"))) -> -
N15: =IF(B15=0,0,C15/B15) -> 0 | O15: =IF(B15=0,0,D15/B15) -> 0 | P15: =IF(B15=0,0,I15/B15) -> 0 | Q15: =MIN(20,(N15/$B$5)*20) -> 0 | R15: =MAX(0,15-(O15/$B$6)*15) -> 15 | S15: =(E15/10)*10 -> 0 | T15: =(F15/10)*15 -> 0 | U15: =(G15/10)*10 -> 0 | V15: =MIN(10,(H15/$B$7)*10) -> 0 | W15: =MAX(0,15-(P15/$B$8)*15) -> 15 | X15: =(J15/10)*5 -> 0 | Y15: =SUM(Q15:X15) -> 30 | Z15: =K15*10+L15*15+IF(M15="S",30,0) -> 0 | AA15: =MAX(0,Y15-Z15) -> 30 | AB15: =IF(OR(K15>0,M15="S"),"NAO",IF(AA15<60,"NAO (abaixo do minimo)","SIM")) -> NAO (abaixo do minimo) | AC15: =RANK(AA15,$AA$12:$AA$21) -> 4 | AD15: =IF(AA15>=90,"OURO",IF(AA15>=80,"PRATA",IF(AA15>=70,"BRONZE","-"))) -> -
N16: =IF(B16=0,0,C16/B16) -> 0 | O16: =IF(B16=0,0,D16/B16) -> 0 | P16: =IF(B16=0,0,I16/B16) -> 0 | Q16: =MIN(20,(N16/$B$5)*20) -> 0 | R16: =MAX(0,15-(O16/$B$6)*15) -> 15 | S16: =(E16/10)*10 -> 0 | T16: =(F16/10)*15 -> 0 | U16: =(G16/10)*10 -> 0 | V16: =MIN(10,(H16/$B$7)*10) -> 0 | W16: =MAX(0,15-(P16/$B$8)*15) -> 15 | X16: =(J16/10)*5 -> 0 | Y16: =SUM(Q16:X16) -> 30 | Z16: =K16*10+L16*15+IF(M16="S",30,0) -> 0 | AA16: =MAX(0,Y16-Z16) -> 30 | AB16: =IF(OR(K16>0,M16="S"),"NAO",IF(AA16<60,"NAO (abaixo do minimo)","SIM")) -> NAO (abaixo do minimo) | AC16: =RANK(AA16,$AA$12:$AA$21) -> 4 | AD16: =IF(AA16>=90,"OURO",IF(AA16>=80,"PRATA",IF(AA16>=70,"BRONZE","-"))) -> -
N17: =IF(B17=0,0,C17/B17) -> 0 | O17: =IF(B17=0,0,D17/B17) -> 0 | P17: =IF(B17=0,0,I17/B17) -> 0 | Q17: =MIN(20,(N17/$B$5)*20) -> 0 | R17: =MAX(0,15-(O17/$B$6)*15) -> 15 | S17: =(E17/10)*10 -> 0 | T17: =(F17/10)*15 -> 0 | U17: =(G17/10)*10 -> 0 | V17: =MIN(10,(H17/$B$7)*10) -> 0 | W17: =MAX(0,15-(P17/$B$8)*15) -> 15 | X17: =(J17/10)*5 -> 0 | Y17: =SUM(Q17:X17) -> 30 | Z17: =K17*10+L17*15+IF(M17="S",30,0) -> 0 | AA17: =MAX(0,Y17-Z17) -> 30 | AB17: =IF(OR(K17>0,M17="S"),"NAO",IF(AA17<60,"NAO (abaixo do minimo)","SIM")) -> NAO (abaixo do minimo) | AC17: =RANK(AA17,$AA$12:$AA$21) -> 4 | AD17: =IF(AA17>=90,"OURO",IF(AA17>=80,"PRATA",IF(AA17>=70,"BRONZE","-"))) -> -
N18: =IF(B18=0,0,C18/B18) -> 0 | O18: =IF(B18=0,0,D18/B18) -> 0 | P18: =IF(B18=0,0,I18/B18) -> 0 | Q18: =MIN(20,(N18/$B$5)*20) -> 0 | R18: =MAX(0,15-(O18/$B$6)*15) -> 15 | S18: =(E18/10)*10 -> 0 | T18: =(F18/10)*15 -> 0 | U18: =(G18/10)*10 -> 0 | V18: =MIN(10,(H18/$B$7)*10) -> 0 | W18: =MAX(0,15-(P18/$B$8)*15) -> 15 | X18: =(J18/10)*5 -> 0 | Y18: =SUM(Q18:X18) -> 30 | Z18: =K18*10+L18*15+IF(M18="S",30,0) -> 0 | AA18: =MAX(0,Y18-Z18) -> 30 | AB18: =IF(OR(K18>0,M18="S"),"NAO",IF(AA18<60,"NAO (abaixo do minimo)","SIM")) -> NAO (abaixo do minimo) | AC18: =RANK(AA18,$AA$12:$AA$21) -> 4 | AD18: =IF(AA18>=90,"OURO",IF(AA18>=80,"PRATA",IF(AA18>=70,"BRONZE","-"))) -> -
N19: =IF(B19=0,0,C19/B19) -> 0 | O19: =IF(B19=0,0,D19/B19) -> 0 | P19: =IF(B19=0,0,I19/B19) -> 0 | Q19: =MIN(20,(N19/$B$5)*20) -> 0 | R19: =MAX(0,15-(O19/$B$6)*15) -> 15 | S19: =(E19/10)*10 -> 0 | T19: =(F19/10)*15 -> 0 | U19: =(G19/10)*10 -> 0 | V19: =MIN(10,(H19/$B$7)*10) -> 0 | W19: =MAX(0,15-(P19/$B$8)*15) -> 15 | X19: =(J19/10)*5 -> 0 | Y19: =SUM(Q19:X19) -> 30 | Z19: =K19*10+L19*15+IF(M19="S",30,0) -> 0 | AA19: =MAX(0,Y19-Z19) -> 30 | AB19: =IF(OR(K19>0,M19="S"),"NAO",IF(AA19<60,"NAO (abaixo do minimo)","SIM")) -> NAO (abaixo do minimo) | AC19: =RANK(AA19,$AA$12:$AA$21) -> 4 | AD19: =IF(AA19>=90,"OURO",IF(AA19>=80,"PRATA",IF(AA19>=70,"BRONZE","-"))) -> -
N20: =IF(B20=0,0,C20/B20) -> 0 | O20: =IF(B20=0,0,D20/B20) -> 0 | P20: =IF(B20=0,0,I20/B20) -> 0 | Q20: =MIN(20,(N20/$B$5)*20) -> 0 | R20: =MAX(0,15-(O20/$B$6)*15) -> 15 | S20: =(E20/10)*10 -> 0 | T20: =(F20/10)*15 -> 0 | U20: =(G20/10)*10 -> 0 | V20: =MIN(10,(H20/$B$7)*10) -> 0 | W20: =MAX(0,15-(P20/$B$8)*15) -> 15 | X20: =(J20/10)*5 -> 0 | Y20: =SUM(Q20:X20) -> 30 | Z20: =K20*10+L20*15+IF(M20="S",30,0) -> 0 | AA20: =MAX(0,Y20-Z20) -> 30 | AB20: =IF(OR(K20>0,M20="S"),"NAO",IF(AA20<60,"NAO (abaixo do minimo)","SIM")) -> NAO (abaixo do minimo) | AC20: =RANK(AA20,$AA$12:$AA$21) -> 4 | AD20: =IF(AA20>=90,"OURO",IF(AA20>=80,"PRATA",IF(AA20>=70,"BRONZE","-"))) -> -
N21: =IF(B21=0,0,C21/B21) -> 0 | O21: =IF(B21=0,0,D21/B21) -> 0 | P21: =IF(B21=0,0,I21/B21) -> 0 | Q21: =MIN(20,(N21/$B$5)*20) -> 0 | R21: =MAX(0,15-(O21/$B$6)*15) -> 15 | S21: =(E21/10)*10 -> 0 | T21: =(F21/10)*15 -> 0 | U21: =(G21/10)*10 -> 0 | V21: =MIN(10,(H21/$B$7)*10) -> 0 | W21: =MAX(0,15-(P21/$B$8)*15) -> 15 | X21: =(J21/10)*5 -> 0 | Y21: =SUM(Q21:X21) -> 30 | Z21: =K21*10+L21*15+IF(M21="S",30,0) -> 0 | AA21: =MAX(0,Y21-Z21) -> 30 | AB21: =IF(OR(K21>0,M21="S"),"NAO",IF(AA21<60,"NAO (abaixo do minimo)","SIM")) -> NAO (abaixo do minimo) | AC21: =RANK(AA21,$AA$12:$AA$21) -> 4 | AD21: =IF(AA21>=90,"OURO",IF(AA21>=80,"PRATA",IF(AA21>=70,"BRONZE","-"))) -> -

Sheet Destaque do Mes
A1: CARTEL CALHAS — FUNCIONÁRIO DESTAQUE DO MÊS (todas as áreas)
A2: Mês de referência: ______ / Notas de 0 a 10 dadas pelo supervisor direto e validadas pelo comitê de premiação.
A4: Nome do Funcionário | B4: Cargo / Setor | C4: Comprometimento (0-10) | D4: Pontualidade (0-10) | E4: Responsabilidade (0-10) | F4: Produtividade (0-10) | G4: Qualidade (0-10) | H4: Trabalho em Equipe (0-10) | I4: Atendimento (0-10) | J4: Postura Profissional (0-10) | K4: Contribuição p/ Resultados (0-10) | L4: Faltas Injustificadas | M4: Advertências Formais | N4: Suspensão no Mês (S/N) | O4: Pts Comprometimento /15 | P4: Pts Pontualidade /10 | Q4: Pts Responsabilidade /10 | R4: Pts Produtividade /15 | S4: Pts Qualidade /15 | T4: Pts Trabalho em Equipe /10 | U4: Pts Atendimento /10 | V4: Pts Postura /10 | W4: Pts Contribuição /5 | X4: Nota Bruta (0-100) | Y4: Penalidades | Z4: Nota Final | AA4: Elegível ao Prêmio do Mês | AB4: Ranking | AC4: Nível do Troféu
A5: Rafael Torres (exemplo) | B5: Vendedor | C5: 9 | D5: 9 | E5: 9 | F5: 10 | G5: 9 | H5: 8 | I5: 10 | J5: 9 | K5: 9 | L5: 0 | M5: 0 | N5: N | O5: =(C5/10)*15 -> 13.5 | P5: =(D5/10)*10 -> 9 | Q5: =(E5/10)*10 -> 9 | R5: =(F5/10)*15 -> 15 | S5: =(G5/10)*15 -> 13.5 | T5: =(H5/10)*10 -> 8 | U5: =(I5/10)*10 -> 10 | V5: =(J5/10)*10 -> 9 | W5: =(K5/10)*5 -> 4.5 | X5: =SUM(O5:W5) -> 91.5 | Y5: =L5*10+M5*15+IF(N5="S",30,0) -> 0 | Z5: =MAX(0,X5-Y5) -> 91.5 | AA5: =IF(OR(L5>0,N5="S"),"NAO",IF(Z5<60,"NAO (abaixo do minimo)","SIM")) -> SIM | AB5: =RANK(Z5,$Z$5:$Z$14) -> 1 | AC5: =IF(Z5>=90,"OURO",IF(Z5>=80,"PRATA",IF(Z5>=70,"BRONZE","-"))) -> OURO
A6: Diego Ramos (exemplo) | B6: Fabricador | C6: 9 | D6: 8 | E6: 9 | F6: 9 | G6: 10 | H6: 9 | I6: 7 | J6: 8 | K6: 8 | L6: 0 | M6: 0 | N6: N | O6: =(C6/10)*15 -> 13.5 | P6: =(D6/10)*10 -> 8 | Q6: =(E6/10)*10 -> 9 | R6: =(F6/10)*15 -> 13.5 | S6: =(G6/10)*15 -> 15 | T6: =(H6/10)*10 -> 9 | U6: =(I6/10)*10 -> 7 | V6: =(J6/10)*10 -> 8 | W6: =(K6/10)*5 -> 4 | X6: =SUM(O6:W6) -> 87 | Y6: =L6*10+M6*15+IF(N6="S",30,0) -> 0 | Z6: =MAX(0,X6-Y6) -> 87 | AA6: =IF(OR(L6>0,N6="S"),"NAO",IF(Z6<60,"NAO (abaixo do minimo)","SIM")) -> SIM | AB6: =RANK(Z6,$Z$5:$Z$14) -> 2 | AC6: =IF(Z6>=90,"OURO",IF(Z6>=80,"PRATA",IF(Z6>=70,"BRONZE","-"))) -> PRATA
A7: Bruno Alves (exemplo) | B7: Entregador | C7: 8 | D7: 10 | E7: 9 | F7: 8 | G7: 8 | H7: 7 | I7: 9 | J7: 9 | K7: 7 | L7: 0 | M7: 0 | N7: N | O7: =(C7/10)*15 -> 12 | P7: =(D7/10)*10 -> 10 | Q7: =(E7/10)*10 -> 9 | R7: =(F7/10)*15 -> 12 | S7: =(G7/10)*15 -> 12 | T7: =(H7/10)*10 -> 7 | U7: =(I7/10)*10 -> 9 | V7: =(J7/10)*10 -> 9 | W7: =(K7/10)*5 -> 3.5 | X7: =SUM(O7:W7) -> 83.5 | Y7: =L7*10+M7*15+IF(N7="S",30,0) -> 0 | Z7: =MAX(0,X7-Y7) -> 83.5 | AA7: =IF(OR(L7>0,N7="S"),"NAO",IF(Z7<60,"NAO (abaixo do minimo)","SIM")) -> SIM | AB7: =RANK(Z7,$Z$5:$Z$14) -> 3 | AC7: =IF(Z7>=90,"OURO",IF(Z7>=80,"PRATA",IF(Z7>=70,"BRONZE","-"))) -> PRATA
O8: =(C8/10)*15 -> 0 | P8: =(D8/10)*10 -> 0 | Q8: =(E8/10)*10 -> 0 | R8: =(F8/10)*15 -> 0 | S8: =(G8/10)*15 -> 0 | T8: =(H8/10)*10 -> 0 | U8: =(I8/10)*10 -> 0 | V8: =(J8/10)*10 -> 0 | W8: =(K8/10)*5 -> 0 | X8: =SUM(O8:W8) -> 0 | Y8: =L8*10+M8*15+IF(N8="S",30,0) -> 0 | Z8: =MAX(0,X8-Y8) -> 0 | AA8: =IF(OR(L8>0,N8="S"),"NAO",IF(Z8<60,"NAO (abaixo do minimo)","SIM")) -> NAO (abaixo do minimo) | AB8: =RANK(Z8,$Z$5:$Z$14) -> 4 | AC8: =IF(Z8>=90,"OURO",IF(Z8>=80,"PRATA",IF(Z8>=70,"BRONZE","-"))) -> -
O9: =(C9/10)*15 -> 0 | P9: =(D9/10)*10 -> 0 | Q9: =(E9/10)*10 -> 0 | R9: =(F9/10)*15 -> 0 | S9: =(G9/10)*15 -> 0 | T9: =(H9/10)*10 -> 0 | U9: =(I9/10)*10 -> 0 | V9: =(J9/10)*10 -> 0 | W9: =(K9/10)*5 -> 0 | X9: =SUM(O9:W9) -> 0 | Y9: =L9*10+M9*15+IF(N9="S",30,0) -> 0 | Z9: =MAX(0,X9-Y9) -> 0 | AA9: =IF(OR(L9>0,N9="S"),"NAO",IF(Z9<60,"NAO (abaixo do minimo)","SIM")) -> NAO (abaixo do minimo) | AB9: =RANK(Z9,$Z$5:$Z$14) -> 4 | AC9: =IF(Z9>=90,"OURO",IF(Z9>=80,"PRATA",IF(Z9>=70,"BRONZE","-"))) -> -
O10: =(C10/10)*15 -> 0 | P10: =(D10/10)*10 -> 0 | Q10: =(E10/10)*10 -> 0 | R10: =(F10/10)*15 -> 0 | S10: =(G10/10)*15 -> 0 | T10: =(H10/10)*10 -> 0 | U10: =(I10/10)*10 -> 0 | V10: =(J10/10)*10 -> 0 | W10: =(K10/10)*5 -> 0 | X10: =SUM(O10:W10) -> 0 | Y10: =L10*10+M10*15+IF(N10="S",30,0) -> 0 | Z10: =MAX(0,X10-Y10) -> 0 | AA10: =IF(OR(L10>0,N10="S"),"NAO",IF(Z10<60,"NAO (abaixo do minimo)","SIM")) -> NAO (abaixo do minimo) | AB10: =RANK(Z10,$Z$5:$Z$14) -> 4 | AC10: =IF(Z10>=90,"OURO",IF(Z10>=80,"PRATA",IF(Z10>=70,"BRONZE","-"))) -> -
O11: =(C11/10)*15 -> 0 | P11: =(D11/10)*10 -> 0 | Q11: =(E11/10)*10 -> 0 | R11: =(F11/10)*15 -> 0 | S11: =(G11/10)*15 -> 0 | T11: =(H11/10)*10 -> 0 | U11: =(I11/10)*10 -> 0 | V11: =(J11/10)*10 -> 0 | W11: =(K11/10)*5 -> 0 | X11: =SUM(O11:W11) -> 0 | Y11: =L11*10+M11*15+IF(N11="S",30,0) -> 0 | Z11: =MAX(0,X11-Y11) -> 0 | AA11: =IF(OR(L11>0,N11="S"),"NAO",IF(Z11<60,"NAO (abaixo do minimo)","SIM")) -> NAO (abaixo do minimo) | AB11: =RANK(Z11,$Z$5:$Z$14) -> 4 | AC11: =IF(Z11>=90,"OURO",IF(Z11>=80,"PRATA",IF(Z11>=70,"BRONZE","-"))) -> -
O12: =(C12/10)*15 -> 0 | P12: =(D12/10)*10 -> 0 | Q12: =(E12/10)*10 -> 0 | R12: =(F12/10)*15 -> 0 | S12: =(G12/10)*15 -> 0 | T12: =(H12/10)*10 -> 0 | U12: =(I12/10)*10 -> 0 | V12: =(J12/10)*10 -> 0 | W12: =(K12/10)*5 -> 0 | X12: =SUM(O12:W12) -> 0 | Y12: =L12*10+M12*15+IF(N12="S",30,0) -> 0 | Z12: =MAX(0,X12-Y12) -> 0 | AA12: =IF(OR(L12>0,N12="S"),"NAO",IF(Z12<60,"NAO (abaixo do minimo)","SIM")) -> NAO (abaixo do minimo) | AB12: =RANK(Z12,$Z$5:$Z$14) -> 4 | AC12: =IF(Z12>=90,"OURO",IF(Z12>=80,"PRATA",IF(Z12>=70,"BRONZE","-"))) -> -
O13: =(C13/10)*15 -> 0 | P13: =(D13/10)*10 -> 0 | Q13: =(E13/10)*10 -> 0 | R13: =(F13/10)*15 -> 0 | S13: =(G13/10)*15 -> 0 | T13: =(H13/10)*10 -> 0 | U13: =(I13/10)*10 -> 0 | V13: =(J13/10)*10 -> 0 | W13: =(K13/10)*5 -> 0 | X13: =SUM(O13:W13) -> 0 | Y13: =L13*10+M13*15+IF(N13="S",30,0) -> 0 | Z13: =MAX(0,X13-Y13) -> 0 | AA13: =IF(OR(L13>0,N13="S"),"NAO",IF(Z13<60,"NAO (abaixo do minimo)","SIM")) -> NAO (abaixo do minimo) | AB13: =RANK(Z13,$Z$5:$Z$14) -> 4 | AC13: =IF(Z13>=90,"OURO",IF(Z13>=80,"PRATA",IF(Z13>=70,"BRONZE","-"))) -> -
O14: =(C14/10)*15 -> 0 | P14: =(D14/10)*10 -> 0 | Q14: =(E14/10)*10 -> 0 | R14: =(F14/10)*15 -> 0 | S14: =(G14/10)*15 -> 0 | T14: =(H14/10)*10 -> 0 | U14: =(I14/10)*10 -> 0 | V14: =(J14/10)*10 -> 0 | W14: =(K14/10)*5 -> 0 | X14: =SUM(O14:W14) -> 0 | Y14: =L14*10+M14*15+IF(N14="S",30,0) -> 0 | Z14: =MAX(0,X14-Y14) -> 0 | AA14: =IF(OR(L14>0,N14="S"),"NAO",IF(Z14<60,"NAO (abaixo do minimo)","SIM")) -> NAO (abaixo do minimo) | AB14: =RANK(Z14,$Z$5:$Z$14) -> 4 | AC14: =IF(Z14>=90,"OURO",IF(Z14>=80,"PRATA",IF(Z14>=70,"BRONZE","-"))) -> -

Sheet Ranking Mensal
A1: CARTEL CALHAS — RANKING MENSAL DE PREMIAÇÃO
A2: Mês de referência: ______ / A sugestão é automática (maior nota entre os elegíveis); o comitê confirma o vencedor oficial.
A4: Categoria | B4: Sugestão Automática (maior nota elegível) | C4: Nota Final (sugestão) | D4: Nível do Troféu (sugestão) | E4: Vencedor(a) Confirmado(a) pelo Comitê | F4: Valor do Prêmio (R$) | G4: Observações
A5: Vendedor Destaque do Mês | B5: =IFERROR(INDEX(Vendedores!$A$12:$A$21,MATCH(C5,Vendedores!$Y$12:$Y$21,0)),"(revisar manualmente)") -> Rafael Torres (exemplo) | C5: =IFERROR(_xlfn.MAXIFS(Vendedores!$Y$12:$Y$21,Vendedores!$Z$12:$Z$21,"SIM"),0) -> 100 | D5: =IFERROR(INDEX(Vendedores!$AB$12:$AB$21,MATCH(C5,Vendedores!$Y$12:$Y$21,0)),"-") -> OURO | E5: Rafael Torres (exemplo) | F5: 200 | G5: Bateu 100% das metas e teve 0 erros no mês.
A6: Fabricador Destaque do Mês | B6: =IFERROR(INDEX(Fabricadores!$A$12:$A$21,MATCH(C6,Fabricadores!$X$12:$X$21,0)),"(revisar manualmente)") -> Diego Ramos (exemplo) | C6: =IFERROR(_xlfn.MAXIFS(Fabricadores!$X$12:$X$21,Fabricadores!$Y$12:$Y$21,"SIM"),0) -> 91.931818 | D6: =IFERROR(INDEX(Fabricadores!$AA$12:$AA$21,MATCH(C6,Fabricadores!$X$12:$X$21,0)),"-") -> OURO | E6: Diego Ramos (exemplo) | F6: 200 | G6: Maior produtividade com menor retrabalho da equipe.
A7: Entregador Destaque do Mês | B7: =IFERROR(INDEX(Entregadores!$A$12:$A$21,MATCH(C7,Entregadores!$AA$12:$AA$21,0)),"(revisar manualmente)") -> Bruno Alves (exemplo) | C7: =IFERROR(_xlfn.MAXIFS(Entregadores!$AA$12:$AA$21,Entregadores!$AB$12:$AB$21,"SIM"),0) -> 99 | D7: =IFERROR(INDEX(Entregadores!$AD$12:$AD$21,MATCH(C7,Entregadores!$AA$12:$AA$21,0)),"-") -> OURO | E7: Bruno Alves (exemplo) | F7: 200 | G7: 100% de pontualidade e 0 avarias no mês.
A8: Funcionário Destaque do Mês (Geral) | B8: =IFERROR(INDEX('Destaque do Mes'!$A$5:$A$14,MATCH(C8,'Destaque do Mes'!$Z$5:$Z$14,0)),"(revisar manualmente)") -> Rafael Torres (exemplo) | C8: =IFERROR(_xlfn.MAXIFS('Destaque do Mes'!$Z$5:$Z$14,'Destaque do Mes'!$AA$5:$AA$14,"SIM"),0) -> 91.5 | D8: =IFERROR(INDEX('Destaque do Mes'!$AC$5:$AC$14,MATCH(C8,'Destaque do Mes'!$Z$5:$Z$14,0)),"-") -> OURO | E8: Rafael Torres (exemplo) | F8: 300 | G8: Também venceu a categoria Vendedor — destaque geral do mês.

Sheet Historico Trimestral e Anual
A1: CARTEL CALHAS — HISTÓRICO TRIMESTRAL E ANUAL
A2: Copie a Nota Final de cada aba mensal para o mês correspondente. As médias e o Troféu Cartel Calhas calculam automaticamente.
A4: Nome do Funcionário | B4: Cargo / Setor | C4: Nota Jan | D4: Nota Fev | E4: Nota Mar | F4: Nota Abr | G4: Nota Mai | H4: Nota Jun | I4: Nota Jul | J4: Nota Ago | K4: Nota Set | L4: Nota Out | M4: Nota Nov | N4: Nota Dez | O4: Média Tri 1 (Jan-Mar) | P4: Troféu Tri 1 | Q4: Média Tri 2 (Abr-Jun) | R4: Troféu Tri 2 | S4: Média Tri 3 (Jul-Set) | T4: Troféu Tri 3 | U4: Média Tri 4 (Out-Dez) | V4: Troféu Tri 4 | W4: Média Anual | X4: Troféu Anual
A5: Rafael Torres (exemplo) | B5: Vendedor | C5: 95 | D5: 97 | E5: 100 | O5: =IFERROR(AVERAGE(C5:E5),0) -> 97.333333 | P5: =IF(O5>=90,"OURO",IF(O5>=80,"PRATA",IF(O5>=70,"BRONZE","-"))) -> OURO | Q5: =IFERROR(AVERAGE(F5:H5),0) -> 0 | R5: =IF(Q5>=90,"OURO",IF(Q5>=80,"PRATA",IF(Q5>=70,"BRONZE","-"))) -> - | S5: =IFERROR(AVERAGE(I5:K5),0) -> 0 | T5: =IF(S5>=90,"OURO",IF(S5>=80,"PRATA",IF(S5>=70,"BRONZE","-"))) -> - | U5: =IFERROR(AVERAGE(L5:N5),0) -> 0 | V5: =IF(U5>=90,"OURO",IF(U5>=80,"PRATA",IF(U5>=70,"BRONZE","-"))) -> - | W5: =IFERROR(AVERAGE(C5:N5),0) -> 97.333333 | X5: =IF(W5>=90,"OURO",IF(W5>=80,"PRATA",IF(W5>=70,"BRONZE","-"))) -> OURO
A6: Diego Ramos (exemplo) | B6: Fabricador | C6: 88 | D6: 90 | E6: 91.9 | O6: =IFERROR(AVERAGE(C6:E6),0) -> 89.966667 | P6: =IF(O6>=90,"OURO",IF(O6>=80,"PRATA",IF(O6>=70,"BRONZE","-"))) -> PRATA | Q6: =IFERROR(AVERAGE(F6:H6),0) -> 0 | R6: =IF(Q6>=90,"OURO",IF(Q6>=80,"PRATA",IF(Q6>=70,"BRONZE","-"))) -> - | S6: =IFERROR(AVERAGE(I6:K6),0) -> 0 | T6: =IF(S6>=90,"OURO",IF(S6>=80,"PRATA",IF(S6>=70,"BRONZE","-"))) -> - | U6: =IFERROR(AVERAGE(L6:N6),0) -> 0 | V6: =IF(U6>=90,"OURO",IF(U6>=80,"PRATA",IF(U6>=70,"BRONZE","-"))) -> - | W6: =IFERROR(AVERAGE(C6:N6),0) -> 89.966667 | X6: =IF(W6>=90,"OURO",IF(W6>=80,"PRATA",IF(W6>=70,"BRONZE","-"))) -> PRATA
A7: Bruno Alves (exemplo) | B7: Entregador | C7: 93 | D7: 97 | E7: 99 | O7: =IFERROR(AVERAGE(C7:E7),0) -> 96.333333 | P7: =IF(O7>=90,"OURO",IF(O7>=80,"PRATA",IF(O7>=70,"BRONZE","-"))) -> OURO | Q7: =IFERROR(AVERAGE(F7:H7),0) -> 0 | R7: =IF(Q7>=90,"OURO",IF(Q7>=80,"PRATA",IF(Q7>=70,"BRONZE","-"))) -> - | S7: =IFERROR(AVERAGE(I7:K7),0) -> 0 | T7: =IF(S7>=90,"OURO",IF(S7>=80,"PRATA",IF(S7>=70,"BRONZE","-"))) -> - | U7: =IFERROR(AVERAGE(L7:N7),0) -> 0 | V7: =IF(U7>=90,"OURO",IF(U7>=80,"PRATA",IF(U7>=70,"BRONZE","-"))) -> - | W7: =IFERROR(AVERAGE(C7:N7),0) -> 96.333333 | X7: =IF(W7>=90,"OURO",IF(W7>=80,"PRATA",IF(W7>=70,"BRONZE","-"))) -> OURO
O8: =IFERROR(AVERAGE(C8:E8),0) -> 0 | P8: =IF(O8>=90,"OURO",IF(O8>=80,"PRATA",IF(O8>=70,"BRONZE","-"))) -> - | Q8: =IFERROR(AVERAGE(F8:H8),0) -> 0 | R8: =IF(Q8>=90,"OURO",IF(Q8>=80,"PRATA",IF(Q8>=70,"BRONZE","-"))) -> - | S8: =IFERROR(AVERAGE(I8:K8),0) -> 0 | T8: =IF(S8>=90,"OURO",IF(S8>=80,"PRATA",IF(S8>=70,"BRONZE","-"))) -> - | U8: =IFERROR(AVERAGE(L8:N8),0) -> 0 | V8: =IF(U8>=90,"OURO",IF(U8>=80,"PRATA",IF(U8>=70,"BRONZE","-"))) -> - | W8: =IFERROR(AVERAGE(C8:N8),0) -> 0 | X8: =IF(W8>=90,"OURO",IF(W8>=80,"PRATA",IF(W8>=70,"BRONZE","-"))) -> -
O9: =IFERROR(AVERAGE(C9:E9),0) -> 0 | P9: =IF(O9>=90,"OURO",IF(O9>=80,"PRATA",IF(O9>=70,"BRONZE","-"))) -> - | Q9: =IFERROR(AVERAGE(F9:H9),0) -> 0 | R9: =IF(Q9>=90,"OURO",IF(Q9>=80,"PRATA",IF(Q9>=70,"BRONZE","-"))) -> - | S9: =IFERROR(AVERAGE(I9:K9),0) -> 0 | T9: =IF(S9>=90,"OURO",IF(S9>=80,"PRATA",IF(S9>=70,"BRONZE","-"))) -> - | U9: =IFERROR(AVERAGE(L9:N9),0) -> 0 | V9: =IF(U9>=90,"OURO",IF(U9>=80,"PRATA",IF(U9>=70,"BRONZE","-"))) -> - | W9: =IFERROR(AVERAGE(C9:N9),0) -> 0 | X9: =IF(W9>=90,"OURO",IF(W9>=80,"PRATA",IF(W9>=70,"BRONZE","-"))) -> -
O10: =IFERROR(AVERAGE(C10:E10),0) -> 0 | P10: =IF(O10>=90,"OURO",IF(O10>=80,"PRATA",IF(O10>=70,"BRONZE","-"))) -> - | Q10: =IFERROR(AVERAGE(F10:H10),0) -> 0 | R10: =IF(Q10>=90,"OURO",IF(Q10>=80,"PRATA",IF(Q10>=70,"BRONZE","-"))) -> - | S10: =IFERROR(AVERAGE(I10:K10),0) -> 0 | T10: =IF(S10>=90,"OURO",IF(S10>=80,"PRATA",IF(S10>=70,"BRONZE","-"))) -> - | U10: =IFERROR(AVERAGE(L10:N10),0) -> 0 | V10: =IF(U10>=90,"OURO",IF(U10>=80,"PRATA",IF(U10>=70,"BRONZE","-"))) -> - | W10: =IFERROR(AVERAGE(C10:N10),0) -> 0 | X10: =IF(W10>=90,"OURO",IF(W10>=80,"PRATA",IF(W10>=70,"BRONZE","-"))) -> -
O11: =IFERROR(AVERAGE(C11:E11),0) -> 0 | P11: =IF(O11>=90,"OURO",IF(O11>=80,"PRATA",IF(O11>=70,"BRONZE","-"))) -> - | Q11: =IFERROR(AVERAGE(F11:H11),0) -> 0 | R11: =IF(Q11>=90,"OURO",IF(Q11>=80,"PRATA",IF(Q11>=70,"BRONZE","-"))) -> - | S11: =IFERROR(AVERAGE(I11:K11),0) -> 0 | T11: =IF(S11>=90,"OURO",IF(S11>=80,"PRATA",IF(S11>=70,"BRONZE","-"))) -> - | U11: =IFERROR(AVERAGE(L11:N11),0) -> 0 | V11: =IF(U11>=90,"OURO",IF(U11>=80,"PRATA",IF(U11>=70,"BRONZE","-"))) -> - | W11: =IFERROR(AVERAGE(C11:N11),0) -> 0 | X11: =IF(W11>=90,"OURO",IF(W11>=80,"PRATA",IF(W11>=70,"BRONZE","-"))) -> -
O12: =IFERROR(AVERAGE(C12:E12),0) -> 0 | P12: =IF(O12>=90,"OURO",IF(O12>=80,"PRATA",IF(O12>=70,"BRONZE","-"))) -> - | Q12: =IFERROR(AVERAGE(F12:H12),0) -> 0 | R12: =IF(Q12>=90,"OURO",IF(Q12>=80,"PRATA",IF(Q12>=70,"BRONZE","-"))) -> - | S12: =IFERROR(AVERAGE(I12:K12),0) -> 0 | T12: =IF(S12>=90,"OURO",IF(S12>=80,"PRATA",IF(S12>=70,"BRONZE","-"))) -> - | U12: =IFERROR(AVERAGE(L12:N12),0) -> 0 | V12: =IF(U12>=90,"OURO",IF(U12>=80,"PRATA",IF(U12>=70,"BRONZE","-"))) -> - | W12: =IFERROR(AVERAGE(C12:N12),0) -> 0 | X12: =IF(W12>=90,"OURO",IF(W12>=80,"PRATA",IF(W12>=70,"BRONZE","-"))) -> -
O13: =IFERROR(AVERAGE(C13:E13),0) -> 0 | P13: =IF(O13>=90,"OURO",IF(O13>=80,"PRATA",IF(O13>=70,"BRONZE","-"))) -> - | Q13: =IFERROR(AVERAGE(F13:H13),0) -> 0 | R13: =IF(Q13>=90,"OURO",IF(Q13>=80,"PRATA",IF(Q13>=70,"BRONZE","-"))) -> - | S13: =IFERROR(AVERAGE(I13:K13),0) -> 0 | T13: =IF(S13>=90,"OURO",IF(S13>=80,"PRATA",IF(S13>=70,"BRONZE","-"))) -> - | U13: =IFERROR(AVERAGE(L13:N13),0) -> 0 | V13: =IF(U13>=90,"OURO",IF(U13>=80,"PRATA",IF(U13>=70,"BRONZE","-"))) -> - | W13: =IFERROR(AVERAGE(C13:N13),0) -> 0 | X13: =IF(W13>=90,"OURO",IF(W13>=80,"PRATA",IF(W13>=70,"BRONZE","-"))) -> -
O14: =IFERROR(AVERAGE(C14:E14),0) -> 0 | P14: =IF(O14>=90,"OURO",IF(O14>=80,"PRATA",IF(O14>=70,"BRONZE","-"))) -> - | Q14: =IFERROR(AVERAGE(F14:H14),0) -> 0 | R14: =IF(Q14>=90,"OURO",IF(Q14>=80,"PRATA",IF(Q14>=70,"BRONZE","-"))) -> - | S14: =IFERROR(AVERAGE(I14:K14),0) -> 0 | T14: =IF(S14>=90,"OURO",IF(S14>=80,"PRATA",IF(S14>=70,"BRONZE","-"))) -> - | U14: =IFERROR(AVERAGE(L14:N14),0) -> 0 | V14: =IF(U14>=90,"OURO",IF(U14>=80,"PRATA",IF(U14>=70,"BRONZE","-"))) -> - | W14: =IFERROR(AVERAGE(C14:N14),0) -> 0 | X14: =IF(W14>=90,"OURO",IF(W14>=80,"PRATA",IF(W14>=70,"BRONZE","-"))) -> -
